{
  "threshold": 0.3303178258763508,
  "best_f1": 0.4605263157894737,
  "n_thresholds": 300
}